"window_id","test_type","df1","df2","test_value","p_comp","reported_p","computed_p","error","decision_error","raw"
"hod850a2d9","Chi2",10,NA,13.76,"=",0.18,0.184222889056465,FALSE,FALSE,"v2(10) = 13.76,
p = .18"
"ho5a44a0a7","t",NA,67,1.48,"=",0.143,0.143560305398887,FALSE,FALSE,"t(67) = 1.48, p = .143"
"hoea8adc76","t",NA,99,5.59,"<",0.01,2.00932105271661e-07,FALSE,FALSE,"t(99) = 5.59,
p < .01"
"hoea8adc76","t",NA,2888,6.86,"<",0.01,8.39097138014363e-12,FALSE,FALSE,"t(2888) = 6.86, p < .01"
"ho7840598e","F",2,117,4.64,"<",0.05,0.0115027155099903,FALSE,FALSE,"F(2, 117)
= 4.64, p < .05"
"hodf1bfb86","Chi2",12,NA,9.91,"=",0.62,0.623856151111735,FALSE,FALSE,"χ2(12) = 9.91, p = .62"
"ho7283d06c","t",NA,40,2.11,"=",0.04,0.0411617993228977,FALSE,FALSE,"t(40)=2.11, p=.04"
"hoae5a0151","F",1,70,5.55,"<",0.01,0.021286390260478,TRUE,FALSE,"F(1, 70)=5.55,
p<.01"
"ho9060361d","F",1,79,5.16,"=",0.026,0.0258337571076946,FALSE,FALSE,"F(1, 79) = 5.16, p = .026"
"ho6b644e23","t",NA,79,4.08,"<",0.001,0.000106839431444117,FALSE,FALSE,"t(79) = 4.08, p < .001"
"ho69c7b81e","Chi2",50,NA,119.66,"<",0.01,1.21556228533578e-07,FALSE,FALSE,"χ2(50) = 119.66, p < .01"
"hoff1dfe6d","F",2,610,12.94,"<",0.01,3.13454263892985e-06,FALSE,FALSE,"F(2, 610) = 12.94, p < .01"
"hoe0d850c9","F",1,458,7.6,"=",0.0061,0.0060699474422142,FALSE,FALSE,"F(1, 458)=7.6, p=0.0061"
"hobd1721f6","F",2,57,1678.46,"<",0.001,2.21163370733435e-51,FALSE,FALSE,"F(2, 57) = 1678.46, p < .001"
"hoedfe92b9","F",1,215,6.67,"=",0.01,0.0104683370206965,FALSE,FALSE,"F(1, 215) = 6.67, p = 0.010"
"hoa1ab41ab","t",NA,371,0.497,"=",0.62,0.619483435048102,FALSE,FALSE,"t (371) = .497, p = .62"
"hoa1ab41ab","t",NA,264,-1.83,"=",0.07,0.0683774574238626,FALSE,FALSE,"t (264) = -1.83, p = .07"
"ho06f5272b","t",NA,52,-2.77,"=",0.008,0.00775460740788936,FALSE,FALSE,"t(52) = -2.77,
p = .008"
"ho7e196f50","F",1,415,2.78,"ns",NA,0.0962025659307726,FALSE,FALSE,"F(1, 415) =
2.78, ns"
"ho7e196f50","F",1,250,10.08,"<",0.001,0.00168689961658564,TRUE,FALSE,"F(1, 250) =
10.08, p < .001"
"ho7e196f50","F",1,540,20,"<",0.001,9.44549119966497e-06,FALSE,FALSE,"F(1, 540) = 20, p < .001"
"hoc5f72ed8","Chi2",8,NA,10.9,"=",0.21,0.207429976280561,FALSE,FALSE,"v2(8) = 10.9, p = .21"
"hob9efe07d","Chi2",1,NA,9.26,"<",0.005,0.00234213021638092,FALSE,FALSE,"χ2(1) = 9.26, p < .005"
"hod33c0073","F",1,80,205.634,"=",0,8.12010406780684e-24,TRUE,FALSE,"F (1, 80) = 205.634, p = .000"
"hoc3110f5a","F",1,18,14.8,"<",0.01,0.00118078032844707,FALSE,FALSE,"F(1, 18) = 14.8,
p < .01"
"hoaa990887","t",NA,181,-0.07,"=",0.94,0.944270937532482,FALSE,FALSE,"t(181) = .07, p = .94"
"ho17e51cb8","F",1,233,0.4,">",0.1,0.527709402142753,FALSE,FALSE,"F(1, 233) = .4, p > .1"
"ho17e51cb8","F",1,233,0.1,">",0.1,0.752112740025674,FALSE,FALSE,"F(1, 233) = .1, p > .1"
"ho9ef39c43","t",NA,95,7.09,"<",0.001,2.36083854020282e-10,FALSE,FALSE,"t(95) = 7.09, p < 0.001"
"ho9ef39c43","t",NA,95,5.05,"<",0.001,2.12989023825611e-06,FALSE,FALSE,"t(95) = 5.05, p < 0.001"
"hoce02deea","F",1,24,7.57,"<",0.05,0.0111128061344092,FALSE,FALSE,"F(1, 24) =
7.57, p < .05"
"hoce02deea","F",1,24,15.45,"<",0.001,0.00062771906940123,FALSE,FALSE,"F(1, 24) = 15.45, p < .001"
"ho4f4cd3eb","t",NA,52,12.5,"<",0.001,2.71939059872345e-17,FALSE,FALSE,"t(52) = 12.5, p < .001"
"hobcd83437","F",3,442,5.2,"=",0.002,0.00154195013947676,FALSE,FALSE,"F(3, 442) = 5.20, p = .002"
"hobcd83437","F",6,439,9.1,"<",0.001,2.148545608673e-09,FALSE,FALSE,"F(6, 439)
=9.10, p <.001"
"ho3baaca93","F",8,109,4.29,"<",0.001,0.000163265522530785,FALSE,FALSE,"F(8, 109) = 4.29,
p < .001"
"ho5a2cdd64","t",NA,40,0.32,"=",0.75,0.750633897096812,FALSE,FALSE,"t(40)=.32, p=.75"
"ho61d5e27d","t",NA,34,3.57,"=",0.001,0.0010889020113398,FALSE,FALSE,"t(34) = 
3.57, p = .001"
"ho9703f8c3","t",NA,52,12.5,"<",0.001,2.71939059872345e-17,FALSE,FALSE,"t(52) = 12.5, p < .001"
"hoe97ac94c","t",NA,83,3.03,"=",0.003,0.00326006564779519,FALSE,FALSE,"t(83) = 3.03, p = .003"
"hoe97ac94c","t",NA,83,1.04,"=",0.3,0.301359999067999,FALSE,FALSE,"t(83) = 1.04, p = .30"
"hoa9b3deec","r",NA,72,-0.03,"=",0.83,0.799701613520605,FALSE,FALSE,"r(72) = 
−.03, p = .83"
"hoa9b3deec","F",1,72,9.3,"<",0.01,0.0032055105941249,FALSE,FALSE,"F(1, 72) = 9.3, p < .01"
"ho17b930ad","t",NA,58,7.7,"=",0.008,1.9521582686965e-10,TRUE,FALSE,"t(58) = 7.7, p = .008"
"hoc74945c5","F",16,42,557.8,"<",0.001,1.38864744448395e-43,FALSE,FALSE,"F(16, 42) = 557.80, p < 0.001"
"ho7cc5d3b6","t",NA,19,2.61,"<",0.05,0.0172137521828239,FALSE,FALSE,"t(19) = 2.61,
p < .05"
"ho94914a7a","F",4,242,4.11,"<",0.001,0.00305848542992672,TRUE,FALSE,"F(4, 242) = 4.11, p < .001"
"ho0c0f8fff","t",NA,78,2.34,"=",0.02,0.0218419540415859,FALSE,FALSE,"t(78) = 2.34, p = .02"
"ho0c0f8fff","t",NA,78,5.23,"<",0.001,1.38508073219541e-06,FALSE,FALSE,"t(78) = 5.23, p < .001"
"hode469551","t",NA,158,0.69,"=",0.489,0.491206434491072,FALSE,FALSE,"t(158) =
.69, p = .489"
"hoe58cbc6e","t",NA,67,-3.21,"<",0.01,0.00203883843796065,FALSE,FALSE,"t(67) = −3.21, p < .01"
"ho4ef2ec0c","r",NA,827,0.641,"<",0.001,4.11531252623693e-97,FALSE,FALSE,"r(827) = .641, p < .001"
"ho7ff5be19","F",1,73,2.77,"=",0.101,0.100333197726547,FALSE,FALSE,"F(1, 73) = 2.77, p = 0.101"
"ho7ff5be19","F",1,69,0.105,"=",0.75,0.746890206506662,FALSE,FALSE,"F(1, 69) =
0.105, p = 0.75"
"ho7ff5be19","F",1,73,1,"=",0.32,0.320613797901318,FALSE,FALSE,"F(1, 73) =
1.00, p = 0.32"
"ho9f489813","t",NA,214,-5.68,"<",0.001,4.36318675434925e-08,FALSE,FALSE,"t(214) = −5.68, p < .001"
"ho9f489813","t",NA,214,5.26,"<",0.001,3.48645148438116e-07,FALSE,FALSE,"t(214) = 5.26,
p < .001"
"ho9f489813","t",NA,214,5.48,"<",0.001,1.19022223359411e-07,FALSE,FALSE,"t(214) = 5.48, p < .001"
"ho9f489813","t",NA,214,5.4,"<",0.001,1.76567642784849e-07,FALSE,FALSE,"t(214) = 5.40, p < .001"
"hoc405561a","Z",NA,NA,2.15,"=",0.03,0.031555214782181,FALSE,FALSE,"z = 2.15, p = .03"
